{
  "basins": [
    {
      "label": 0,
      "n_members": 3,
      "representative": "compute_000098_round_4_ga_0_from_0_GM",
      "e_s0_Ha": -625.9175040624,
      "geometry": [
        [
          2.0,
          1.3430939,
          2.0
        ],
        [
          0.93842436,
          1.17388115,
          4.65802098
        ],
        [
          -0.31797242,
          -1.07320716,
          2.18427728
        ],
        [
          0.93800542,
          0.31879382,
          -1.05714766
        ],
        [
          1.27529769,
          -1.02997514,
          -0.9256597
        ],
        [
          0.27131865,
          -1.99004485,
          -0.78246583
        ],
        [
          -1.06995266,
          -1.6013456,
          -0.77075993
        ],
        [
          -1.40724493,
          -0.25257664,
          -0.90224789
        ],
        [
          -0.40326589,
          0.70749307,
          -1.04544175
        ],
        [
          1.71875819,
          1.06540012,
          -1.16850358
        ],
        [
          2.31834363,
          -1.33224521,
          -0.93476325
        ],
        [
          0.53361182,
          -3.03892122,
          -0.68021347
        ],
        [
          -1.85070543,
          -2.3479519,
          -0.65940401
        ],
        [
          -2.45029087,
          0.04969343,
          -0.89314433
        ],
        [
          -0.66555905,
          1.75636944,
          -1.14769412
        ]
      ]
    },
    {
      "label": 1,
      "n_members": 6,
      "representative": "compute_000116_round_8_ol_1_from_2_5_4_3",
      "e_s0_Ha": -625.9202750628,
      "geometry": [
        [
          1.83916164,
          1.25054195,
          2.0
        ],
        [
          0.91088651,
          1.17391284,
          4.57896741
        ],
        [
          -0.31502656,
          -0.93044475,
          2.14036787
        ],
        [
          1.3696299,
          -0.3739483,
          -0.25041718
        ],
        [
          0.60113096,
          -1.51717554,
          -0.02090959
        ],
        [
          -0.79252805,
          -1.44322724,
          -0.0704924
        ],
        [
          -1.41768812,
          -0.2260517,
          -0.34958282
        ],
        [
          -0.64918918,
          0.91717554,
          -0.57909041
        ],
        [
          0.74446983,
          0.84322724,
          -0.5295076
        ],
        [
          2.45342058,
          -0.43145482,
          -0.21185869
        ],
        [
          1.08729239,
          -2.46371531,
          0.19612591
        ],
        [
          -1.3901573,
          -2.33226049,
          0.1079846
        ],
        [
          -2.50147881,
          -0.16854518,
          -0.38814131
        ],
        [
          -1.13535062,
          1.86371531,
          -0.79612591
        ],
        [
          1.34209908,
          1.73226049,
          -0.7079846
        ]
      ]
    },
    {
      "label": 2,
      "n_members": 2,
      "representative": "compute_000113_round_8_em_0_from_0_5_3",
      "e_s0_Ha": -625.8914069245,
      "geometry": [
        [
          2.0,
          1.76212711,
          2.0
        ],
        [
          1.06134728,
          1.1737397,
          5.0
        ],
        [
          -0.33292628,
          -1.71046715,
          2.37549759
        ],
        [
          1.11455106,
          -0.3,
          -0.3
        ],
        [
          0.41630106,
          -1.44189348,
          -0.69844584
        ],
        [
          -0.98019894,
          -1.44189348,
          -0.69844584
        ],
        [
          -1.67844894,
          -0.3,
          -0.3
        ],
        [
          -0.98019894,
          0.84189348,
          0.09844584
        ],
        [
          0.41630106,
          0.84189348,
          0.09844584
        ],
        [
          2.20055106,
          -0.3,
          -0.3
        ],
        [
          0.95930106,
          -2.32988976,
          -1.00829823
        ],
        [
          -1.52319894,
          -2.32988976,
          -1.00829823
        ],
        [
          -2.76444894,
          -0.3,
          -0.3
        ],
        [
          -1.52319894,
          1.72988976,
          0.40829823
        ],
        [
          0.95930106,
          1.72988976,
          0.40829823
        ]
      ]
    },
    {
      "label": 3,
      "n_members": 7,
      "representative": "compute_000160_round_8_ol_0_from_4_3_5_2",
      "e_s0_Ha": -625.9427293372,
      "geometry": [
        [
          1.64940604,
          1.09599454,
          2.1593886
        ],
        [
          0.76173905,
          1.00527799,
          4.45775596
        ],
        [
          -0.29595337,
          -0.70772978,
          2.3013665
        ],
        [
          1.31695183,
          -0.39414502,
          -0.23614922
        ],
        [
          0.52701793,
          -1.50206001,
          0.07811445
        ],
        [
          -0.86484128,
          -1.40791499,
          0.01426367
        ],
        [
          -1.46676657,
          -0.20585498,
          -0.36385078
        ],
        [
          -0.67683266,
          0.90206001,
          -0.67811445
        ],
        [
          0.71502654,
          0.80791499,
          -0.61426367
        ],
        [
          2.39934288,
          -0.46735769,
          -0.18649513
        ],
        [
          0.99511077,
          -2.43684522,
          0.37215627
        ],
        [
          -1.47913948,
          -2.26948754,
          0.2586514
        ],
        [
          -2.54915762,
          -0.13264231,
          -0.41350487
        ],
        [
          -1.14492551,
          1.83684522,
          -0.97215627
        ],
        [
          1.32932474,
          1.66948754,
          -0.8586514
        ]
      ]
    }
  ]
}